{
  "means": [
    1683.83779588669,
    1404.5743112145906,
    1.3709076393314041,
    216.16375630578193,
    155.04132295698497,
    152.2767240985844,
    143.9720308464696,
    4092.559765366163,
    3950.693215565458,
    4432.358362799139,
    0.5087744964848298,
    0.14805452038162106,
    0.04511388586989474,
    0.03218757768541424,
    0.16374799249521002,
    0.05052616710018917,
    0.016923459592973904,
    0.034671900389867095,
    0.44823742689991997,
    0.11615210500945868,
    0.08852679275198874,
    0.07266248378080131,
    0.06697524829016298,
    0.05126242587674622,
    0.04187485410300252,
    0.11430866328791958,
    0.09920143183692277,
    0.06852654074808401,
    0.07300060480937136,
    0.07776608391237388,
    0.0795275059419868,
    0.08125349584364086,
    0.09623183582381403,
    0.42449250108380626,
    0.2641355986192172,
    0.057078270449299535,
    0.07147608752464868,
    0.11829572082357613,
    0.26965098547503386,
    0.055842851951283495,
    0.06523762007713407,
    0.0982828650798044,
    0.21653084982537835,
    0.09313154831199069,
    0.6907256499805976,
    0.0034924330616996507,
    0.18354675979821497,
    0.02522312766783081,
    0.09701202949165696,
    0.21653084982537835,
    0.203337213814513,
    0.21187427240977882,
    0.2421420256111758,
    0.30306558013193635,
    0.41404734187039194,
    0.22118742724097787,
    0.4415987582460225,
    0.4287931703531238,
    0.35157159487776485,
    0.14512999611951882,
    0.2087698874660458,
    0.37834691501746215,
    0.13698098564221964,
    0.08886301901435778,
    0.2724097788125728,
    0.28094683740783855,
    0.18044237485448195
  ],
  "stds": [
    1453.4496884903551,
    1209.4251372448364,
    0.8710178201595485,
    965.927911727262,
    56.826811223628695,
    56.71491237041051,
    60.56299723337839,
    2919.474814031585,
    2763.9931244341255,
    3158.6692146525934,
    0.33782320415007416,
    0.19183487589999687,
    0.09393904737149812,
    0.08383593314781439,
    0.2185995610154793,
    0.10122799496768697,
    0.05001076637978321,
    0.09034858164728016,
    0.3381802388400601,
    0.13725257378915404,
    0.10950947596479713,
    0.09126551676440468,
    0.09110053488372456,
    0.07375782703793213,
    0.06993657769582823,
    0.1751615351548906,
    0.1453541616438313,
    0.0812379064824067,
    0.08025083947528996,
    0.08379144477360227,
    0.08706900755592659,
    0.09098124227233742,
    0.10761461510146605,
    0.2993324528069428,
    0.16896237731693023,
    0.04314085675514323,
    0.05323937398473441,
    0.09420775206460924,
    0.15607228413545315,
    0.04408546374788165,
    0.05008204726030062,
    0.07962239255485401,
    0.6471260562161397,
    0.2906166943260482,
    0.46219446820518,
    0.05899352483967219,
    0.3871141262803479,
    0.15680217313061187,
    0.29597414688713614,
    0.7192609780860932,
    0.9242667546466724,
    1.2239234492917137,
    1.5601885620816804,
    1.3123552132076202,
    0.9539679782168268,
    0.9545193376144532,
    1.0231053289904957,
    1.49597617671147,
    1.0078227463324834,
    0.9226426466489244,
    0.7628556221524755,
    1.2480659088944377,
    0.5924914058403659,
    0.6003007811105785,
    1.1758084653777416,
    0.8619482515812001,
    0.5833993406945294
  ]
}
